t,hu
0.01,368
0.02,386
0.03,349
0.04,354
0.05,379
0.06,342
0.07,335
0.08,308
0.09,302
0.1,292
0.11,288
0.12,271
0.13,272
0.14,251
0.15,215
0.16,226
0.17,234
0.18,217
0.19,-458
0.2,-1325
0.21,-865
0.22,-783
0.23,-807
0.24,-822
0.25,-844
0.26,-875
0.27,-910
0.28,-918
0.29,-933
0.3,-934
0.31,-937
0.32,-967
0.33,-969
0.34,-970
0.35,-948
0.36,-964
0.37,-944
0.38,-942
0.39,-945
0.4,-937
0.41,-911
0.42,-925
0.43,-916
0.44,-900
0.45,-874
0.46,-879
0.47,-863
0.48,-858
0.49,-828
0.5,-930
0.51,-875
0.52,-789
0.53,-763
0.54,-725
0.55,-721
0.56,-681
0.57,-678
0.58,-656
0.59,-623
0.6,-597
0.61,-575
0.62,-550
0.63,-510
0.64,-487
0.65,-476
0.66,-459
0.67,-444
0.68,-409
0.69,-395
0.7,-374
0.71,-356
0.72,-327
0.73,-308
0.74,-301
0.75,-269
0.76,-256
0.77,-242
0.78,-232
0.79,-219
0.8,-198
0.81,-187
0.82,-171
0.83,-149
0.84,-136
0.85,-138
0.86,-118
0.87,-117
0.88,-117
0.89,-109
0.9,-96
0.91,-74
0.92,-68
0.93,-67
0.94,-60
0.95,-49
0.96,-42
0.97,-40
0.98,-34
0.99,-32
1,-33
1.01,-38
1.02,-29
1.03,-5
1.04,6
1.05,10
1.06,11
1.07,2
1.08,4
1.09,5
1.1,3
1.11,12
1.12,9
1.13,0
1.14,-1
1.15,4
1.16,4
1.17,5
1.18,8
1.19,4
1.2,5
1.21,6
1.22,2
1.23,4
1.24,12
1.25,10
1.26,17
1.27,16
1.28,14
1.29,16
1.3,13
1.31,12
1.32,8
1.33,10
1.34,13
1.35,11
1.36,5
1.37,6
1.38,7
1.39,6
1.4,9
1.41,3
1.42,11
1.43,6
1.44,4
1.45,8
1.46,4
1.47,11
1.48,14
1.49,12
1.5,7
1.51,4
1.52,-5
1.53,-10
1.54,-3
1.55,19
1.56,30
1.57,39
1.58,59
1.59,181
1.6,479
1.61,384
1.62,390
1.63,416
1.64,449
1.65,474
1.66,503
1.67,510
1.68,560
1.69,576
1.7,596
1.71,601
1.72,640
1.73,655
1.74,669
1.75,686
1.76,679
1.77,674
1.78,669
1.79,635
1.8,635
1.81,675
1.82,642
1.83,640
1.84,606
1.85,607
1.86,604
1.87,585
1.88,592
1.89,585
1.9,561
1.91,549
1.92,517
1.93,501
1.94,484
1.95,496
1.96,476
1.97,468
1.98,449
1.99,434
2,422
2.01,410
2.02,399
2.03,369
2.04,356
2.05,355
2.06,320
2.07,301
2.08,284
2.09,267
2.1,286
2.11,261
2.12,271
2.13,256
2.14,255
2.15,244
2.16,240
2.17,221
2.18,202
2.19,-422
2.2,-1308
2.21,-888
2.22,-821
2.23,-844
2.24,-861
2.25,-886
2.26,-889
2.27,-905
2.28,-926
2.29,-949
2.3,-941
2.31,-964
2.32,-951
2.33,-979
2.34,-963
2.35,-967
2.36,-967
2.37,-991
2.38,-974
2.39,-971
2.4,-960
2.41,-955
2.42,-940
2.43,-969
2.44,-937
2.45,-925
2.46,-920
2.47,-884
2.48,-879
2.49,-864
2.5,-827
2.51,-809
2.52,-782
2.53,-773
2.54,-736
2.55,-725
2.56,-706
2.57,-677
2.58,-664
2.59,-626
2.6,-596
2.61,-573
2.62,-536
2.63,-520
2.64,-506
2.65,-478
2.66,-468
2.67,-438
2.68,-419
2.69,-394
2.7,-385
2.71,-372
2.72,-346
2.73,-311
2.74,-302
2.75,-282
2.76,-258
2.77,-241
2.78,-229
2.79,-212
2.8,-198
2.81,-179
2.82,-182
2.83,-169
2.84,-155
2.85,-143
2.86,-123
2.87,-128
2.88,-120
2.89,-116
2.9,-103
2.91,-85
2.92,-74
2.93,-71
2.94,-64
2.95,-54
2.96,-49
2.97,-49
2.98,-28
2.99,-29
3,-31
3.01,-34
3.02,-29
3.03,-11
3.04,6
3.05,1
3.06,-6
3.07,1
3.08,0
3.09,-1
3.1,2
3.11,5
3.12,1
3.13,-1
3.14,2
3.15,6
3.16,5
3.17,8
3.18,5
3.19,9
3.2,16
3.21,16
3.22,11
3.23,13
3.24,10
3.25,17
3.26,12
3.27,11
3.28,16
3.29,7
3.3,9
3.31,7
3.32,8
3.33,9
3.34,2
3.35,7
3.36,6
3.37,7
3.38,9
3.39,7
3.4,14
3.41,14
3.42,13
3.43,15
3.44,14
3.45,9
3.46,5
3.47,6
3.48,2
3.49,11
3.5,10
3.51,2
3.52,-19
3.53,-22
3.54,-13
3.55,12
3.56,36
3.57,43
3.58,50
3.59,197
3.6,472
3.61,391
3.62,386
3.63,420
3.64,441
3.65,474
3.66,488
3.67,502
3.68,545
3.69,555
3.7,607
3.71,612
3.72,633
3.73,641
3.74,679
3.75,685
3.76,705
3.77,686
3.78,680
3.79,680
3.8,691
3.81,674
3.82,678
3.83,654
3.84,659
3.85,632
3.86,637
3.87,625
3.88,624
3.89,610
3.9,594
3.91,574
3.92,563
3.93,532
3.94,533
3.95,521
3.96,493
3.97,487
3.98,470
3.99,434
4,429
4.01,415
4.02,399
4.03,372
4.04,372
4.05,396
4.06,344
4.07,339
4.08,325
4.09,323
4.1,304
4.11,280
4.12,283
4.13,268
4.14,253
4.15,256
4.16,225
4.17,209
4.18,223
4.19,-432
4.2,-1327
4.21,-837
4.22,-777
4.23,-800
4.24,-839
4.25,-852
4.26,-863
4.27,-883
4.28,-905
4.29,-892
4.3,-935
4.31,-934
4.32,-965
4.33,-953
4.34,-962
4.35,-958
4.36,-950
4.37,-972
4.38,-974
4.39,-947
4.4,-948
4.41,-961
4.42,-939
4.43,-922
4.44,-910
4.45,-908
4.46,-896
4.47,-881
4.48,-860
4.49,-855
4.5,-822
4.51,-828
4.52,-819
4.53,-803
4.54,-765
4.55,-754
4.56,-736
4.57,-696
4.58,-698
4.59,-670
4.6,-640
4.61,-617
4.62,-600
4.63,-578
4.64,-533
4.65,-494
4.66,-478
4.67,-471
4.68,-446
4.69,-427
4.7,-403
4.71,-384
4.72,-365
4.73,-345
4.74,-310
4.75,-289
4.76,-285
4.77,-271
4.78,-253
4.79,-243
4.8,-220
4.81,-209
4.82,-193
4.83,-186
4.84,-174
4.85,-168
4.86,-152
4.87,-132
4.88,-129
4.89,-126
4.9,-114
4.91,-97
4.92,-85
4.93,-78
4.94,-75
4.95,-63
4.96,-49
4.97,-56
4.98,-48
4.99,-40
5,-39
5.01,-42
5.02,-35
5.03,-44
5.04,-36
5.05,-19
5.06,-7
5.07,-12
5.08,-4
5.09,0
5.1,-4
5.11,-4
5.12,-1
5.13,-3
5.14,-2
5.15,2
5.16,-3
5.17,5
5.18,-7
5.19,-6
5.2,-8
5.21,-2
5.22,-5
5.23,-9
5.24,-9
5.25,-5
5.26,-6
5.27,-4
5.28,-1
5.29,7
5.3,0
5.31,5
5.32,1
5.33,2
5.34,5
5.35,-1
5.36,2
5.37,-1
5.38,-10
5.39,-9
5.4,-4
5.41,-2
5.42,-4
5.43,-8
5.44,-8
5.45,-8
5.46,-8
5.47,-5
5.48,-6
5.49,-4
5.5,-7
5.51,-6
5.52,-1
5.53,-16
5.54,-27
5.55,-11
5.56,12
5.57,32
5.58,36
5.59,56
5.6,185
5.61,466
5.62,375
5.63,385
5.64,391
5.65,431
5.66,459
5.67,485
5.68,506
5.69,533
5.7,565
5.71,605
5.72,618
5.73,651
5.74,677
5.75,692
5.76,709
5.77,694
5.78,700
5.79,709
5.8,704
5.81,698
5.82,670
5.83,673
5.84,672
5.85,630
5.86,640
5.87,618
5.88,603
5.89,599
5.9,583
5.91,595
5.92,556
5.93,535
5.94,545
5.95,529
5.96,501
5.97,508
5.98,485
5.99,475
6,467
6.01,387
6.02,376
6.03,413
6.04,402
6.05,385
6.06,358
6.07,352
6.08,312
6.09,321
6.1,310
6.11,295
6.12,287
6.13,272
6.14,255
6.15,247
6.16,263
6.17,263
6.18,263
6.19,225
6.2,-435
6.21,-1321
6.22,-871
6.23,-806
6.24,-782
6.25,-817
6.26,-831
6.27,-863
6.28,-899
6.29,-898
6.3,-926
6.31,-927
6.32,-931
6.33,-933
6.34,-959
6.35,-957
6.36,-956
6.37,-942
6.38,-944
6.39,-936
6.4,-941
6.41,-939
6.42,-923
6.43,-904
6.44,-919
6.45,-901
6.46,-879
6.47,-879
6.48,-864
6.49,-853
6.5,-844
6.51,-820
6.52,-819
6.53,-793
6.54,-747
6.55,-741
6.56,-713
6.57,-702
6.58,-681
6.59,-641
6.6,-623
6.61,-588
6.62,-557
6.63,-556
6.64,-520
6.65,-515
6.66,-467
6.67,-464
6.68,-426
6.69,-433
6.7,-389
6.71,-372
6.72,-358
6.73,-334
6.74,-322
6.75,-293
6.76,-271
6.77,-255
6.78,-242
6.79,-234
6.8,-209
6.81,-191
6.82,-189
6.83,-166
6.84,-155
6.85,-153
6.86,-134
6.87,-126
6.88,-121
6.89,-114
6.9,-102
6.91,-94
6.92,-88
6.93,-71
6.94,-70
6.95,-56
6.96,-52
6.97,-44
6.98,-35
6.99,-36
7,-34
7.01,-26
7.02,-32
7.03,-29
7.04,-16
7.05,1
7.06,3
7.07,-5
7.08,-1
7.09,2
7.1,5
7.11,2
7.12,5
7.13,-3
7.14,-4
7.15,-6
7.16,0
7.17,1
7.18,0
7.19,-2
7.2,-2
7.21,-3
7.22,-3
7.23,-1
7.24,3
7.25,5
7.26,2
7.27,6
7.28,4
7.29,5
7.3,6
7.31,7
7.32,6
7.33,5
7.34,-4
7.35,-3
7.36,-1
7.37,-2
7.38,-4
7.39,-3
7.4,-2
7.41,4
7.42,2
7.43,-1
7.44,-1
7.45,9
7.46,5
7.47,10
7.48,8
7.49,7
7.5,2
7.51,7
7.52,2
7.53,-10
7.54,-14
7.55,-9
7.56,13
7.57,-69
7.58,38
7.59,49
7.6,185
7.61,466
7.62,385
7.63,379
7.64,416
7.65,440
7.66,468
7.67,495
7.68,519
7.69,550
7.7,574
7.71,603
7.72,631
7.73,666
7.74,674
7.75,701
7.76,705
7.77,713
7.78,715
7.79,709
7.8,683
7.81,687
7.82,687
7.83,664
7.84,673
7.85,658
7.86,663
7.87,641
7.88,629
7.89,610
7.9,608
7.91,602
7.92,572
7.93,560
7.94,553
7.95,536
7.96,516
7.97,519
7.98,501
7.99,481
8,468
8.01,438
8.02,427
8.03,426
8.04,405
8.05,397
8.06,389
8.07,360
8.08,338
8.09,333
8.1,328
8.11,308
8.12,301
8.13,275
8.14,274
8.15,274
8.16,257
8.17,252
8.18,240
8.19,219
8.2,-434
8.21,-1326
8.22,-866
8.23,-816
8.24,-813
8.25,-830
8.26,-861
8.27,-881
8.28,-871
8.29,-913
8.3,-921
8.31,-922
8.32,-921
8.33,-933
8.34,-945
8.35,-927
8.36,-929
8.37,-960
8.38,-928
8.39,-937
8.4,-928
8.41,-918
8.42,-913
8.43,-944
8.44,-910
8.45,-906
8.46,-890
8.47,-877
8.48,-869
8.49,-841
8.5,-844
8.51,-815
8.52,-789
8.53,-794
8.54,-763
8.55,-730
8.56,-714
8.57,-698
8.58,-668
8.59,-635
8.6,-638
8.61,-596
8.62,-577
8.63,-555
8.64,-536
8.65,-499
8.66,-489
8.67,-466
8.68,-451
8.69,-423
8.7,-397
8.71,-379
8.72,-346
8.73,-332
8.74,-316
8.75,-292
8.76,-261
8.77,-259
8.78,-244
8.79,-217
8.8,-203
8.81,-197
8.82,-183
8.83,-168
8.84,-159
8.85,-150
8.86,-141
8.87,-133
8.88,-124
8.89,-118
8.9,-112
8.91,-102
8.92,-80
8.93,-77
8.94,-66
8.95,-55
8.96,-43
8.97,-34
8.98,-28
8.99,-23
9,-24
9.01,-25
9.02,-23
9.03,-26
9.04,-9
9.05,5
9.06,5
9.07,0
9.08,-6
9.09,-5
9.1,-5
9.11,-4
9.12,1
9.13,-7
9.14,1
9.15,-1
9.16,4
9.17,1
9.18,-1
9.19,9
9.2,5
9.21,7
9.22,11
9.23,10
9.24,12
9.25,6
9.26,6
9.27,8
9.28,6
9.29,-2
9.3,-3
9.31,5
9.32,6
9.33,1
9.34,0
9.35,2
9.36,-6
9.37,1
9.38,-1
9.39,-1
9.4,6
9.41,5
9.42,12
9.43,9
9.44,8
9.45,7
9.46,9
9.47,7
9.48,8
9.49,6
9.5,-1
9.51,0
9.52,-12
9.53,-16
9.54,-26
9.55,-17
9.56,5
9.57,27
9.58,42
9.59,54
9.6,181
9.61,477
9.62,387
9.63,396
9.64,414
9.65,437
9.66,471
9.67,498
9.68,528
9.69,565
9.7,567
9.71,597
9.72,625
9.73,653
9.74,684
9.75,681
9.76,688
9.77,694
9.78,696
9.79,700
9.8,692
9.81,681
9.82,667
9.83,659
9.84,662
9.85,664
9.86,660
9.87,645
9.88,625
9.89,624
9.9,594
9.91,587
9.92,576
9.93,556
9.94,542
9.95,526
9.96,501
9.97,494
9.98,495
9.99,463
10,438
10.01,446
10.02,441
10.03,398
10.04,390
10.05,379
10.06,386
10.07,357
10.08,360
10.09,339
10.1,325
10.11,323
10.12,315
10.13,273
10.14,278
10.15,261
10.16,220
10.17,219
10.18,218
10.19,201
10.2,-439
10.21,-1334
10.22,-847
10.23,-804
10.24,-799
10.25,-833
10.26,-861
10.27,-854
10.28,-892
10.29,-899
10.3,-905
10.31,-928
10.32,-920
10.33,-929
10.34,-958
10.35,-955
10.36,-949
10.37,-938
10.38,-962
10.39,-954
10.4,-956
10.41,-931
10.42,-937
10.43,-930
10.44,-923
10.45,-917
10.46,-894
10.47,-895
10.48,-860
10.49,-862
10.5,-832
10.51,-819
10.52,-783
10.53,-764
10.54,-757
10.55,-746
10.56,-724
10.57,-690
10.58,-681
10.59,-657
10.6,-640
10.61,-608
10.62,-583
10.63,-555
10.64,-546
10.65,-521
10.66,-487
10.67,-470
10.68,-456
10.69,-441
10.7,-414
10.71,-383
10.72,-377
10.73,-343
10.74,-319
10.75,-299
10.76,-290
10.77,-258
10.78,-257
10.79,-224
10.8,-222
10.81,-199
10.82,-199
10.83,-186
10.84,-182
10.85,-168
10.86,-150
10.87,-144
10.88,-136
10.89,-123
10.9,-122
10.91,-98
10.92,-82
10.93,-69
10.94,-71
10.95,-58
10.96,-50
10.97,-43
10.98,-40
10.99,-31
11,-34
11.01,-34
11.02,-39
11.03,-41
11.04,-34
11.05,-18
11.06,-10
11.07,-18
11.08,-16
11.09,-13
11.1,-11
11.11,-12
11.12,-7
11.13,-3
11.14,-1
11.15,-5
11.16,-2
11.17,-5
11.18,0
11.19,-8
11.2,-4
11.21,-2
11.22,0
11.23,-1
11.24,-9
11.25,-9
11.26,-8
11.27,-11
11.28,-14
11.29,-12
11.3,-7
11.31,-5
11.32,-5
11.33,-11
11.34,-11
11.35,-2
11.36,-1
11.37,-5
11.38,-5
11.39,-3
11.4,-1
11.41,-2
11.42,3
11.43,-4
11.44,0
11.45,-4
11.46,-11
11.47,-8
11.48,-21
11.49,-24
11.5,-14
11.51,-11
11.52,-12
11.53,-16
11.54,-38
11.55,-26
11.56,4
11.57,28
11.58,39
11.59,55
11.6,178
11.61,471
11.62,384
11.63,381
11.64,398
11.65,440
11.66,457
11.67,478
11.68,508
11.69,543
11.7,557
11.71,579
11.72,602
11.73,642
11.74,664
11.75,688
11.76,685
11.77,678
11.78,694
11.79,710
11.8,692
11.81,689
11.82,660
11.83,673
11.84,659
11.85,670
11.86,645
11.87,634
11.88,612
11.89,599
11.9,593
11.91,577
11.92,555
11.93,533
11.94,511
11.95,512
11.96,486
11.97,502
11.98,466
11.99,451
12,453
12.01,437
12.02,433
12.03,391
12.04,382
12.05,356
12.06,333
12.07,340
12.08,312
12.09,305
12.1,290
12.11,264
12.12,285
12.13,263
12.14,244
12.15,241
12.16,241
12.17,221
12.18,205
12.19,211
12.2,-453
12.21,-1331
12.22,-878
12.23,-828
12.24,-823
12.25,-855
12.26,-894
12.27,-908
12.28,-920
12.29,-950
12.3,-962
12.31,-955
12.32,-981
12.33,-962
12.34,-981
12.35,-996
12.36,-978
12.37,-976
12.38,-983
12.39,-972
12.4,-978
12.41,-967
12.42,-967
12.43,-946
12.44,-952
12.45,-939
12.46,-923
12.47,-899
12.48,-912
12.49,-874
12.5,-875
12.51,-846
12.52,-838
12.53,-803
12.54,-801
12.55,-766
12.56,-762
12.57,-744
12.58,-726
12.59,-710
12.6,-679
12.61,-645
12.62,-629
12.63,-612
12.64,-575
12.65,-562
12.66,-529
12.67,-490
12.68,-470
12.69,-462
12.7,-445
12.71,-413
12.72,-388
12.73,-361
12.74,-349
12.75,-347
12.76,-323
12.77,-300
12.78,-278
12.79,-269
12.8,-251
12.81,-240
12.82,-228
12.83,-214
12.84,-208
12.85,-200
12.86,-180
12.87,-164
12.88,-161
12.89,-159
12.9,-150
12.91,-133
12.92,-116
12.93,-106
12.94,-107
12.95,-90
12.96,-90
12.97,-91
12.98,-88
12.99,-82
13,-80
13.01,-72
13.02,-78
13.03,-77
13.04,-64
13.05,-49
13.06,-45
13.07,-38
13.08,-41
13.09,-38
13.1,-38
13.11,-38
13.12,-37
13.13,-33
13.14,-36
13.15,-31
13.16,-29
13.17,-34
13.18,-38
13.19,-38
13.2,-40
13.21,-36
13.22,-35
13.23,-38
13.24,-37
13.25,-39
13.26,-37
13.27,-34
13.28,-28
13.29,-32
13.3,-27
13.31,-22
13.32,-27
13.33,-26
13.34,-27
13.35,-28
13.36,-29
13.37,-20
13.38,-23
13.39,-27
13.4,-35
13.41,-33
13.42,-30
13.43,-37
13.44,-33
13.45,-32
13.46,-36
13.47,-36
13.48,-34
13.49,-28
13.5,-34
13.51,-27
13.52,-28
13.53,-46
13.54,-48
13.55,-43
13.56,-26
13.57,7
13.58,17
13.59,12
13.6,154
13.61,428
13.62,340
13.63,346
13.64,375
13.65,393
13.66,436
13.67,455
13.68,482
13.69,509
13.7,526
13.71,558
13.72,592
13.73,621
13.74,648
13.75,666
13.76,680
13.77,675
13.78,664
13.79,675
13.8,666
13.81,668
13.82,657
13.83,641
13.84,636
13.85,640
13.86,609
13.87,608
13.88,621
13.89,587
13.9,549
13.91,575
13.92,533
13.93,519
13.94,508
13.95,497
13.96,481
13.97,474
13.98,465
13.99,460
14,432
14.01,438
14.02,422
14.03,391
14.04,370
14.05,359
14.06,341
14.07,326
14.08,307
14.09,287
14.1,262
14.11,257
14.12,192
14.13,149
14.14,154
14.15,157
14.16,177
14.17,179
14.18,207
14.19,191
14.2,-457
14.21,-1345
14.22,-867
14.23,-809
14.24,-800
14.25,-816
14.26,-842
14.27,-909
14.28,-923
14.29,-917
14.3,-945
14.31,-957
14.32,-978
14.33,-952
14.34,-953
14.35,-933
14.36,-942
14.37,-923
14.38,-933
14.39,-929
14.4,-918
14.41,-908
14.42,-904
14.43,-893
14.44,-887
14.45,-880
14.46,-872
14.47,-863
14.48,-836
14.49,-819
14.5,-808
14.51,-797
14.52,-772
14.53,-761
14.54,-741
14.55,-712
14.56,-690
14.57,-656
14.58,-647
14.59,-636
14.6,-607
14.61,-583
14.62,-553
14.63,-529
14.64,-499
14.65,-487
14.66,-448
14.67,-432
14.68,-422
14.69,-393
14.7,-380
14.71,-356
14.72,-338
14.73,-313
14.74,-287
14.75,-270
14.76,-260
14.77,-227
14.78,-225
14.79,-192
14.8,-187
14.81,-171
14.82,-158
14.83,-148
14.84,-134
14.85,-122
14.86,-116
14.87,-95
14.88,-93
14.89,-87
14.9,-74
14.91,-76
14.92,-59
14.93,-46
14.94,-51
14.95,-36
14.96,-27
14.97,-17
14.98,-16
14.99,-16
15,-14
15.01,-12
15.02,-1
15.03,-3
15.04,11
15.05,30
15.06,37
15.07,26
15.08,19
15.09,26
15.1,27
15.11,27
15.12,19
15.13,18
15.14,21
15.15,19
15.16,18
15.17,23
15.18,26
15.19,24
15.2,22
15.21,28
15.22,24
15.23,28
15.24,29
15.25,29
15.26,33
15.27,35
15.28,32
15.29,35
15.3,40
15.31,32
15.32,35
15.33,21
15.34,23
15.35,26
15.36,25
15.37,24
15.38,25
15.39,24
15.4,13
15.41,28
15.42,27
15.43,23
15.44,47
15.45,33
15.46,35
15.47,36
15.48,28
15.49,31
15.5,31
15.51,27
15.52,24
15.53,7
15.54,8
15.55,11
15.56,27
15.57,52
15.58,67
15.59,72
15.6,199
15.61,501
15.62,400
15.63,414
15.64,438
15.65,461
15.66,494
15.67,530
15.68,560
15.69,574
15.7,601
15.71,630
15.72,653
15.73,670
15.74,710
15.75,725
15.76,734
15.77,742
15.78,725
15.79,741
15.8,730
15.81,735
15.82,709
15.83,698
15.84,707
15.85,697
15.86,672
15.87,663
15.88,657
15.89,637
15.9,622
15.91,602
15.92,592
15.93,583
15.94,571
15.95,543
15.96,529
15.97,526
15.98,496
15.99,490
16,482
16.01,393
16.02,383
16.03,426
16.04,401
16.05,398
16.06,387
16.07,354
16.08,338
16.09,333
16.1,326
16.11,309
16.12,288
16.13,281
16.14,278
16.15,254
16.16,246
16.17,228
16.18,210
16.19,223
16.2,-433
16.21,-1334
16.22,-865
16.23,-809
16.24,-802
16.25,-832
16.26,-834
16.27,-851
16.28,-903
16.29,-908
16.3,-922
16.31,-935
16.32,-941
16.33,-924
16.34,-948
16.35,-934
16.36,-944
16.37,-937
16.38,-931
16.39,-955
16.4,-932
16.41,-928
16.42,-925
16.43,-922
16.44,-914
16.45,-904
16.46,-909
16.47,-896
16.48,-875
16.49,-872
16.5,-835
16.51,-822
16.52,-811
16.53,-781
16.54,-764
16.55,-741
16.56,-726
16.57,-690
16.58,-685
16.59,-653
16.6,-617
16.61,-611
16.62,-582
16.63,-560
16.64,-538
16.65,-510
16.66,-496
16.67,-468
16.68,-450
16.69,-430
16.7,-411
16.71,-383
16.72,-369
16.73,-343
16.74,-325
16.75,-288
16.76,-267
16.77,-258
16.78,-238
16.79,-236
16.8,-222
16.81,-199
16.82,-189
16.83,-176
16.84,-173
16.85,-150
16.86,-145
16.87,-137
16.88,-132
16.89,-130
16.9,-121
16.91,-108
16.92,-85
16.93,-81
16.94,-71
16.95,-54
16.96,-51
16.97,-46
16.98,-39
16.99,-34
17,-33
17.01,-35
17.02,-36
17.03,-31
17.04,-13
17.05,2
17.06,11
17.07,2
17.08,-2
17.09,5
17.1,3
17.11,2
17.12,3
17.13,1
17.14,-3
17.15,1
17.16,2
17.17,7
17.18,11
17.19,13
17.2,11
17.21,11
17.22,8
17.23,11
17.24,11
17.25,14
17.26,18
17.27,15
17.28,5
17.29,4
17.3,7
17.31,8
17.32,8
17.33,3
17.34,-5
17.35,-6
17.36,-3
17.37,6
17.38,-6
17.39,6
17.4,9
17.41,8
17.42,12
17.43,12
17.44,4
17.45,7
17.46,6
17.47,3
17.48,9
17.49,2
17.5,2
17.51,-2
17.52,-9
17.53,-18
17.54,-17
17.55,-12
17.56,17
17.57,30
17.58,39
17.59,57
17.6,193
17.61,485
17.62,392
17.63,407
17.64,424
17.65,435
17.66,480
17.67,510
17.68,522
17.69,563
17.7,573
17.71,618
17.72,632
17.73,654
17.74,674
17.75,704
17.76,715
17.77,712
17.78,713
17.79,696
17.8,709
17.81,696
17.82,700
17.83,696
17.84,691
17.85,660
17.86,657
17.87,652
17.88,643
17.89,620
17.9,604
17.91,602
17.92,569
17.93,557
17.94,540
17.95,517
17.96,500
17.97,481
17.98,490
17.99,470
18,443
18.01,430
18.02,420
18.03,397
18.04,427
18.05,397
18.06,389
18.07,352
18.08,350
18.09,334
18.1,322
18.11,311
18.12,309
18.13,287
18.14,250
18.15,255
18.16,250
18.17,239
18.18,219
18.19,209
18.2,-436
18.21,-1340
18.22,-844
18.23,-800
18.24,-809
18.25,-814
18.26,-844
18.27,-858
18.28,-870
18.29,-905
18.3,-908
18.31,-908
18.32,-924
18.33,-938
18.34,-915
18.35,-949
18.36,-957
18.37,-957
18.38,-950
18.39,-946
18.4,-955
18.41,-938
18.42,-942
18.43,-927
18.44,-919
18.45,-897
18.46,-903
18.47,-868
18.48,-858
18.49,-848
18.5,-843
18.51,-806
18.52,-786
18.53,-770
18.54,-746
18.55,-746
18.56,-719
18.57,-697
18.58,-677
18.59,-647
18.6,-614
18.61,-596
18.62,-562
18.63,-546
18.64,-536
18.65,-503
18.66,-486
18.67,-473
18.68,-447
18.69,-426
18.7,-400
18.71,-366
18.72,-355
18.73,-336
18.74,-306
18.75,-278
18.76,-264
18.77,-245
18.78,-228
18.79,-217
18.8,-208
18.81,-195
18.82,-190
18.83,-177
18.84,-166
18.85,-154
18.86,-130
18.87,-127
18.88,-123
18.89,-113
18.9,-103
18.91,-87
18.92,-72
18.93,-61
18.94,-52
18.95,-37
18.96,-44
18.97,-43
18.98,-22
18.99,-19
19,-27
19.01,-22
19.02,-26
19.03,-24
19.04,-15
19.05,-2
19.06,6
19.07,-2
19.08,-11
19.09,-4
19.1,-2
19.11,11
19.12,14
19.13,15
19.14,15
19.15,9
19.16,15
19.17,17
19.18,14
19.19,12
19.2,18
19.21,16
19.22,20
19.23,12
19.24,11
19.25,13
19.26,8
19.27,10
19.28,5
19.29,13
19.3,12
19.31,11
19.32,10
19.33,12
19.34,16
19.35,10
19.36,10
19.37,19
19.38,20
19.39,21
19.4,18
19.41,23
19.42,24
19.43,20
19.44,13
19.45,11
19.46,10
19.47,10
19.48,-6
19.49,7
19.5,9
19.51,12
19.52,5
19.53,-5
19.54,-14
19.55,7
19.56,31
19.57,36
19.58,57
19.59,69
19.6,205
19.61,478
19.62,399
19.63,402
19.64,428
19.65,432
19.66,467
19.67,489
19.68,517
19.69,535
19.7,579
19.71,567
19.72,575
19.73,590
19.74,642
19.75,656
19.76,668
19.77,669
19.78,666
19.79,692
19.8,690
19.81,686
19.82,693
19.83,665
19.84,650
19.85,654
19.86,627
19.87,624
19.88,615
19.89,603
19.9,599
19.91,586
19.92,562
19.93,548
19.94,530
19.95,509
19.96,526
19.97,515
19.98,487
19.99,395
20,465
20.01,451
20.02,435
20.03,432
20.04,405
20.05,402
20.06,399
20.07,366
20.08,336
20.09,331
20.1,308
20.11,281
20.12,251
20.13,213
20.14,235
20.15,232
20.16,201
20.17,186
20.18,139
20.19,131
20.2,-475
20.21,-1357
20.22,-878
20.23,-823
20.24,-846
20.25,-849
20.26,-866
20.27,-870
20.28,-913
20.29,-928
20.3,-951
20.31,-960
20.32,-932
20.33,-971
20.34,-977
20.35,-955
20.36,-979
20.37,-1040
20.38,-954
20.39,-957
20.4,-949
20.41,-920
20.42,-914
20.43,-924
20.44,-898
20.45,-905
20.46,-921
20.47,-928
20.48,-875
20.49,-866
20.5,-813
20.51,-809
20.52,-804
20.53,-804
20.54,-816
20.55,-781
20.56,-736
20.57,-698
20.58,-695
20.59,-663
20.6,-642
20.61,-643
20.62,-671
20.63,-652
20.64,-628
20.65,-590
20.66,-539
20.67,-499
20.68,-481
20.69,-464
20.7,-434
20.71,-386
20.72,-356
20.73,-334
20.74,-324
20.75,-315
20.76,-282
20.77,-263
20.78,-240
20.79,-225
20.8,-226
20.81,-209
20.82,-194
20.83,-173
20.84,-168
20.85,-159
20.86,-142
20.87,-125
20.88,-118
20.89,-114
20.9,-118
20.91,-117
20.92,-116
20.93,-114
20.94,-91
20.95,-79
20.96,-64
20.97,-49
20.98,-45
20.99,-36
21,-36
21.01,-37
21.02,-40
21.03,-47
21.04,-39
21.05,-19
21.06,-18
21.07,-41
21.08,-60
21.09,-58
21.1,-70
21.11,-50
21.12,-53
21.13,-57
21.14,-37
21.15,-26
21.16,-30
21.17,-29
21.18,-30
21.19,-22
21.2,-16
21.21,-19
21.22,-27
21.23,-31
21.24,-24
21.25,-22
21.26,-15
21.27,-7
21.28,-6
21.29,-6
21.3,-1
21.31,0
21.32,1
21.33,-6
21.34,-12
21.35,-18
21.36,-19
21.37,-14
21.38,-13
21.39,-13
21.4,-27
21.41,-45
21.42,-29
21.43,-19
21.44,-14
21.45,-15
21.46,-14
21.47,-24
21.48,-34
21.49,-18
21.5,-18
21.51,-15
21.52,-21
21.53,-31
21.54,-43
21.55,-36
21.56,1
21.57,23
21.58,31
21.59,61
21.6,159
21.61,456
21.62,372
21.63,367
21.64,398
21.65,400
21.66,416
21.67,490
21.68,498
21.69,531
21.7,556
21.71,589
21.72,625
21.73,655
21.74,665
21.75,714
21.76,714
21.77,696
21.78,704
21.79,686
21.8,708
21.81,689
21.82,689
21.83,694
21.84,664
21.85,661
21.86,662
21.87,633
21.88,627
21.89,601
21.9,597
21.91,575
21.92,585
21.93,570
21.94,554
21.95,553
21.96,530
21.97,526
21.98,478
21.99,471
22,460
22.01,435
22.02,429
22.03,422
22.04,407
22.05,388
22.06,385
22.07,359
22.08,332
22.09,341
22.1,338
22.11,328
22.12,299
22.13,289
22.14,283
22.15,266
22.16,248
22.17,257
22.18,244
22.19,238
22.2,-418
22.21,-1308
22.22,-854
22.23,-781
22.24,-799
22.25,-829
22.26,-853
22.27,-877
22.28,-903
22.29,-919
22.3,-925
22.31,-914
22.32,-934
22.33,-939
22.34,-934
22.35,-941
22.36,-937
22.37,-937
22.38,-930
22.39,-935
22.4,-942
22.41,-915
22.42,-925
22.43,-920
22.44,-889
22.45,-880
22.46,-880
22.47,-882
22.48,-868
22.49,-864
22.5,-836
22.51,-828
22.52,-795
22.53,-771
22.54,-766
22.55,-734
22.56,-716
22.57,-694
22.58,-664
22.59,-635
22.6,-617
22.61,-569
22.62,-568
22.63,-537
22.64,-502
22.65,-487
22.66,-469
22.67,-451
22.68,-447
22.69,-409
22.7,-396
22.71,-363
22.72,-349
22.73,-328
22.74,-304
22.75,-361
22.76,-320
22.77,-252
22.78,-223
22.79,-219
22.8,-224
22.81,-205
22.82,-191
22.83,-174
22.84,-161
22.85,-163
22.86,-192
22.87,-171
22.88,-117
22.89,-112
22.9,-121
22.91,-107
22.92,-98
22.93,-92
22.94,-66
22.95,-56
22.96,-42
22.97,-36
22.98,-37
22.99,-24
23,-35
23.01,-32
23.02,-29
23.03,-29
23.04,-12
23.05,3
23.06,16
23.07,11
23.08,8
23.09,15
23.1,6
23.11,3
23.12,7
23.13,12
23.14,10
23.15,8
23.16,8
23.17,7
23.18,8
23.19,8
23.2,13
23.21,12
23.22,17
23.23,13
23.24,13
23.25,11
23.26,12
23.27,13
23.28,13
23.29,10
23.3,12
23.31,14
23.32,7
23.33,2
23.34,2
23.35,3
23.36,4
23.37,3
23.38,4
23.39,12
23.4,-2
23.41,6
23.42,4
23.43,7
23.44,12
23.45,11
23.46,13
23.47,10
23.48,12
23.49,7
23.5,9
23.51,8
23.52,3
23.53,-4
23.54,-12
23.55,-9
23.56,15
23.57,32
23.58,40
23.59,50
23.6,179
23.61,486
23.62,379
23.63,400
23.64,424
23.65,444
23.66,474
23.67,497
23.68,531
23.69,538
23.7,569
23.71,598
23.72,626
23.73,661
23.74,671
23.75,694
23.76,691
23.77,691
23.78,700
23.79,687
23.8,697
23.81,673
23.82,689
23.83,683
23.84,659
23.85,661
23.86,644
23.87,639
23.88,627
23.89,590
23.9,607
23.91,596
23.92,569
23.93,557
23.94,540
23.95,532
23.96,528
23.97,501
23.98,490
23.99,454
24,451
24.01,433
24.02,429
24.03,396
24.04,404
24.05,371
24.06,365
24.07,340
24.08,350
24.09,331
24.1,320
24.11,278
24.12,246
24.13,261
24.14,237
24.15,231
24.16,236
24.17,238
24.18,230
24.19,225
24.2,-438
24.21,-1341
24.22,-868
24.23,-805
24.24,-805
24.25,-837
24.26,-823
24.27,-864
24.28,-892
24.29,-891
24.3,-899
24.31,-906
24.32,-910
24.33,-952
24.34,-934
24.35,-944
24.36,-939
24.37,-938
24.38,-940
24.39,-939
24.4,-933
24.41,-955
24.42,-940
24.43,-935
24.44,-923
24.45,-898
24.46,-889
24.47,-872
24.48,-868
24.49,-854
24.5,-843
24.51,-830
24.52,-810
24.53,-789
24.54,-782
24.55,-772
24.56,-734
24.57,-700
24.58,-689
24.59,-662
24.6,-639
24.61,-609
24.62,-606
24.63,-563
24.64,-543
24.65,-526
24.66,-501
24.67,-470
24.68,-454
24.69,-427
24.7,-422
24.71,-401
24.72,-385
24.73,-342
24.74,-328
24.75,-308
24.76,-286
24.77,-257
24.78,-243
24.79,-234
24.8,-218
24.81,-201
24.82,-199
24.83,-207
24.84,-195
24.85,-180
24.86,-168
24.87,-157
24.88,-147
24.89,-143
24.9,-137
24.91,-127
24.92,-108
24.93,-102
24.94,-87
24.95,-78
24.96,-67
24.97,-61
24.98,-53
24.99,-56
25,-48
25.01,-37
25.02,-50
25.03,-32
25.04,-23
25.05,-7
25.06,-3
25.07,-8
25.08,-12
25.09,-17
25.1,-16
25.11,-15
25.12,-13
25.13,-9
25.14,-11
25.15,-14
25.16,-12
25.17,-5
25.18,-2
25.19,-4
25.2,-5
25.21,-1
25.22,-4
25.23,0
25.24,-1
25.25,4
25.26,5
25.27,-4
25.28,-7
25.29,-6
25.3,-3
25.31,4
25.32,2
25.33,0
25.34,1
25.35,2
25.36,2
25.37,-6
25.38,-3
25.39,-2
25.4,-7
25.41,1
25.42,3
25.43,3
25.44,8
25.45,0
25.46,1
25.47,1
25.48,-4
25.49,-6
25.5,-8
25.51,-6
25.52,-7
25.53,-26
25.54,-28
25.55,-22
25.56,6
25.57,26
25.58,34
25.59,47
25.6,182
25.61,485
25.62,401
25.63,408
25.64,437
25.65,464
25.66,479
25.67,495
25.68,512
25.69,506
25.7,543
25.71,577
25.72,614
25.73,653
25.74,676
25.75,683
25.76,689
25.77,679
25.78,675
25.79,669
25.8,664
25.81,687
25.82,706
25.83,676
25.84,672
25.85,670
25.86,672
25.87,632
25.88,628
25.89,625
25.9,596
25.91,577
25.92,550
25.93,552
25.94,546
25.95,518
25.96,505
25.97,488
25.98,472
25.99,449
26,456
26.01,429
26.02,431
26.03,404
26.04,396
26.05,371
26.06,350
26.07,336
26.08,348
26.09,313
26.1,307
26.11,299
26.12,305
26.13,284
26.14,262
26.15,235
26.16,247
26.17,220
26.18,229
26.19,213
26.2,-431
26.21,-1306
26.22,-864
26.23,-798
26.24,-790
26.25,-808
26.26,-846
26.27,-849
26.28,-865
26.29,-882
26.3,-899
26.31,-909
26.32,-931
26.33,-935
26.34,-929
26.35,-924
26.36,-940
26.37,-945
26.38,-931
26.39,-942
26.4,-922
26.41,-920
26.42,-929
26.43,-912
26.44,-917
26.45,-883
26.46,-870
26.47,-874
26.48,-859
26.49,-838
26.5,-833
26.51,-809
26.52,-792
26.53,-782
26.54,-772
26.55,-760
26.56,-725
26.57,-704
26.58,-692
26.59,-676
26.6,-646
26.61,-617
26.62,-585
26.63,-551
26.64,-537
26.65,-516
26.66,-490
26.67,-469
26.68,-441
26.69,-444
26.7,-431
26.71,-395
26.72,-363
26.73,-350
26.74,-310
26.75,-284
26.76,-285
26.77,-257
26.78,-238
26.79,-218
26.8,-215
26.81,-278
26.82,-239
26.83,-170
26.84,-158
26.85,-153
26.86,-140
26.87,-130
26.88,-131
26.89,-112
26.9,-98
26.91,-93
26.92,-73
26.93,-66
26.94,-56
26.95,-57
26.96,-45
26.97,-28
26.98,-22
26.99,-28
27,-28
27.01,-26
27.02,-30
27.03,-25
27.04,-18
27.05,-5
27.06,1
27.07,-2
27.08,-8
27.09,-5
27.1,2
27.11,9
27.12,-4
27.13,-15
27.14,-8
27.15,9
27.16,5
27.17,11
27.18,14
27.19,11
27.2,8
27.21,4
27.22,-45
27.23,-42
27.24,0
27.25,2
27.26,-3
27.27,-11
27.28,-9
27.29,-4
27.3,-1
27.31,-1
27.32,-2
27.33,3
27.34,8
27.35,10
27.36,9
27.37,11
27.38,7
27.39,7
27.4,6
27.41,11
27.42,12
27.43,7
27.44,0
27.45,-1
27.46,8
27.47,2
27.48,4
27.49,-1
27.5,0
27.51,-8
27.52,-20
27.53,-23
27.54,-15
27.55,-8
27.56,12
27.57,33
27.58,35
27.59,51
27.6,186
27.61,484
27.62,386
27.63,386
27.64,399
27.65,403
27.66,440
27.67,463
27.68,490
27.69,507
27.7,540
27.71,574
27.72,580
27.73,618
27.74,650
27.75,667
27.76,687
27.77,709
27.78,682
27.79,694
27.8,689
27.81,683
27.82,682
27.83,675
27.84,657
27.85,651
27.86,629
27.87,615
27.88,618
27.89,610
27.9,582
27.91,571
27.92,554
27.93,548
27.94,533
27.95,517
27.96,517
27.97,490
27.98,472
27.99,462
28,453
28.01,436
28.02,442
28.03,402
28.04,391
28.05,373
28.06,369
28.07,371
28.08,332
28.09,332
28.1,321
28.11,303
28.12,295
28.13,295
28.14,293
28.15,270
28.16,240
28.17,259
28.18,240
28.19,232
28.2,-420
28.21,-1301
28.22,-841
28.23,-798
28.24,-760
28.25,-813
28.26,-810
28.27,-840
28.28,-886
28.29,-914
28.3,-899
28.31,-917
28.32,-930
28.33,-935
28.34,-916
28.35,-954
28.36,-941
28.37,-943
28.38,-957
28.39,-943
28.4,-919
28.41,-912
28.42,-917
28.43,-916
28.44,-898
28.45,-873
28.46,-885
28.47,-872
28.48,-869
28.49,-837
28.5,-840
28.51,-819
28.52,-780
28.53,-759
28.54,-744
28.55,-724
28.56,-705
28.57,-694
28.58,-665
28.59,-626
28.6,-620
28.61,-582
28.62,-561
28.63,-524
28.64,-511
28.65,-509
28.66,-454
28.67,-438
28.68,-435
28.69,-396
28.7,-372
28.71,-366
28.72,-339
28.73,-328
28.74,-313
28.75,-280
28.76,-263
28.77,-246
28.78,-229
28.79,-207
28.8,-200
28.81,-187
28.82,-178
28.83,-166
28.84,-147
28.85,-132
28.86,-126
28.87,-116
28.88,-108
28.89,-101
28.9,-96
28.91,-77
28.92,-67
28.93,-51
28.94,-55
28.95,-50
28.96,-35
28.97,-35
28.98,-24
28.99,-21
29,-22
29.01,-16
29.02,-20
29.03,-23
29.04,-5
29.05,14
29.06,22
29.07,18
29.08,14
29.09,19
29.1,15
29.11,20
29.12,22
29.13,20
29.14,23
29.15,16
29.16,18
29.17,19
29.18,16
29.19,15
29.2,4
29.21,18
29.22,20
29.23,20
29.24,14
29.25,16
29.26,25
29.27,24
29.28,24
29.29,34
29.3,22
29.31,22
29.32,24
29.33,29
29.34,21
29.35,24
29.36,22
29.37,22
29.38,29
29.39,23
29.4,16
29.41,22
29.42,17
29.43,17
29.44,18
29.45,14
29.46,16
29.47,17
29.48,16
29.49,22
29.5,25
29.51,26
29.52,18
29.53,3
29.54,-1
29.55,7
29.56,36
29.57,51
29.58,63
29.59,70
29.6,203
29.61,490
29.62,394
29.63,408
29.64,423
29.65,451
29.66,478
29.67,507
29.68,521
29.69,562
29.7,578
29.71,622
29.72,641
29.73,674
29.74,694
29.75,725
29.76,732
29.77,717
29.78,732
29.79,725
29.8,705
29.81,700
29.82,697
29.83,695
29.84,692
29.85,661
29.86,651
29.87,636
29.88,641
29.89,611
29.9,615
29.91,586
29.92,587
29.93,563
29.94,553
29.95,537
29.96,536
29.97,532
29.98,496
29.99,494
30,480
30.01,467
30.02,443
30.03,412
30.04,420
30.05,379
30.06,388
30.07,372
30.08,369
30.09,347
30.1,335
30.11,305
30.12,293
30.13,312
30.14,290
30.15,265
30.16,277
30.17,245
30.18,245
30.19,249
30.2,-408
30.21,-1312
30.22,-857
30.23,-776
30.24,-782
30.25,-829
30.26,-843
30.27,-851
30.28,-877
30.29,-911
30.3,-904
30.31,-913
30.32,-899
30.33,-927
30.34,-920
30.35,-942
30.36,-925
30.37,-944
30.38,-939
30.39,-938
30.4,-922
30.41,-910
30.42,-925
30.43,-903
30.44,-903
30.45,-901
30.46,-891
30.47,-869
30.48,-851
30.49,-848
30.5,-839
30.51,-812
30.52,-804
30.53,-773
30.54,-754
30.55,-738
30.56,-703
30.57,-680
30.58,-654
30.59,-643
30.6,-603
30.61,-602
30.62,-565
30.63,-540
30.64,-532
30.65,-512
30.66,-469
30.67,-443
30.68,-437
30.69,-411
30.7,-397
30.71,-375
30.72,-356
30.73,-326
30.74,-315
30.75,-282
30.76,-267
30.77,-243
30.78,-236
30.79,-210
30.8,-199
30.81,-185
30.82,-177
30.83,-171
30.84,-156
30.85,-142
30.86,-131
30.87,-121
30.88,-109
30.89,-117
30.9,-111
30.91,-93
30.92,-71
30.93,-64
30.94,-72
30.95,-64
30.96,-50
30.97,-41
30.98,-37
30.99,-34
31,-27
31.01,-27
31.02,-26
31.03,-27
31.04,-11
31.05,-2
31.06,11
31.07,0
31.08,3
31.09,2
31.1,2
31.11,1
31.12,-1
31.13,-3
31.14,-2
31.15,3
31.16,2
31.17,0
31.18,5
31.19,1
31.2,-2
31.21,9
31.22,10
31.23,9
31.24,8
31.25,7
31.26,8
31.27,11
31.28,11
31.29,5
31.3,10
31.31,6
31.32,-1
31.33,2
31.34,2
31.35,3
31.36,-2
31.37,7
31.38,6
31.39,3
31.4,6
31.41,8
31.42,12
31.43,15
31.44,9
31.45,10
31.46,8
31.47,15
31.48,13
31.49,13
31.5,8
31.51,11
31.52,4
31.53,-4
31.54,-20
31.55,-12
31.56,14
31.57,36
31.58,53
31.59,66
31.6,192
31.61,475
31.62,387
31.63,387
31.64,422
31.65,462
31.66,481
31.67,513
31.68,541
31.69,557
31.7,592
31.71,611
31.72,628
31.73,667
31.74,696
31.75,715
31.76,718
31.77,715
31.78,713
31.79,719
31.8,721
31.81,699
31.82,699
31.83,681
31.84,671
31.85,678
31.86,675
31.87,653
31.88,636
31.89,625
31.9,629
31.91,602
31.92,599
31.93,579
31.94,567
31.95,544
31.96,510
31.97,503
31.98,481
31.99,493
32,476
32.01,446
32.02,434
32.03,422
32.04,418
32.05,390
32.06,385
32.07,387
32.08,354
32.09,342
32.1,344
32.11,339
32.12,325
32.13,290
32.14,298
32.15,289
32.16,254
32.17,239
32.18,235
32.19,225
32.2,-425
32.21,-1327
32.22,-845
32.23,-784
32.24,-792
32.25,-813
32.26,-829
32.27,-861
32.28,-872
32.29,-884
32.3,-903
32.31,-891
32.32,-932
32.33,-927
32.34,-918
32.35,-923
32.36,-944
32.37,-914
32.38,-941
32.39,-945
32.4,-940
32.41,-934
32.42,-920
32.43,-915
32.44,-899
32.45,-906
32.46,-876
32.47,-871
32.48,-856
32.49,-836
32.5,-819
32.51,-804
32.52,-784
32.53,-761
32.54,-751
32.55,-706
32.56,-701
32.57,-681
32.58,-650
32.59,-636
32.6,-609
32.61,-589
32.62,-579
32.63,-547
32.64,-517
32.65,-489
32.66,-467
32.67,-449
32.68,-432
32.69,-402
32.7,-388
32.71,-365
32.72,-342
32.73,-335
32.74,-299
32.75,-274
32.76,-254
32.77,-239
32.78,-227
32.79,-207
32.8,-194
32.81,-185
32.82,-175
32.83,-170
32.84,-151
32.85,-140
32.86,-131
32.87,-124
32.88,-117
32.89,-113
32.9,-101
32.91,-92
32.92,-81
32.93,-60
32.94,-56
32.95,-44
32.96,-36
32.97,-23
32.98,-23
32.99,-19
33,-17
33.01,-18
33.02,-20
33.03,-15
33.04,-2
33.05,5
33.06,10
33.07,4
33.08,3
33.09,6
33.1,4
33.11,8
33.12,11
33.13,8
33.14,11
33.15,12
33.16,22
33.17,22
33.18,20
33.19,16
33.2,20
33.21,22
33.22,18
33.23,21
33.24,18
33.25,21
33.26,14
33.27,12
33.28,12
33.29,10
33.3,10
33.31,11
33.32,9
33.33,10
33.34,-3
33.35,3
33.36,13
33.37,18
33.38,18
33.39,19
33.4,20
33.41,26
33.42,21
33.43,17
33.44,19
33.45,18
33.46,13
33.47,11
33.48,11
33.49,13
33.5,8
33.51,6
33.52,-2
33.53,-9
33.54,-17
33.55,-9
33.56,16
33.57,47
33.58,61
33.59,70
33.6,193
33.61,497
33.62,398
33.63,407
33.64,428
33.65,456
33.66,487
33.67,510
33.68,534
33.69,565
33.7,580
33.71,605
33.72,623
33.73,645
33.74,666
33.75,690
33.76,692
33.77,700
33.78,681
33.79,682
33.8,691
33.81,682
33.82,691
33.83,669
33.84,639
33.85,644
33.86,627
33.87,606
33.88,625
33.89,581
33.9,590
33.91,545
33.92,532
33.93,487
33.94,497
33.95,470
33.96,454
33.97,450
33.98,441
33.99,390
34,435
34.01,410
34.02,365
34.03,375
34.04,350
34.05,339
34.06,332
34.07,314
34.08,280
34.09,278
34.1,305
34.11,264
34.12,264
34.13,257
34.14,228
34.15,185
34.16,189
34.17,195
34.18,178
34.19,174
34.2,-458
34.21,-1323
34.22,-867
34.23,-785
34.24,-795
34.25,-850
34.26,-827
34.27,-855
34.28,-867
34.29,-897
34.3,-888
34.31,-917
34.32,-909
34.33,-929
34.34,-925
34.35,-930
34.36,-944
34.37,-954
34.38,-956
34.39,-926
34.4,-923
34.41,-920
34.42,-911
34.43,-926
34.44,-909
34.45,-884
34.46,-876
34.47,-859
34.48,-850
34.49,-843
34.5,-832
34.51,-811
34.52,-796
34.53,-776
34.54,-749
34.55,-727
34.56,-719
34.57,-695
34.58,-669
34.59,-647
34.6,-627
34.61,-591
34.62,-568
34.63,-548
34.64,-520
34.65,-494
34.66,-480
34.67,-440
34.68,-419
34.69,-417
34.7,-391
34.71,-367
34.72,-339
34.73,-319
34.74,-308
34.75,-272
34.76,-260
34.77,-247
34.78,-236
34.79,-215
34.8,-201
34.81,-193
34.82,-176
34.83,-162
34.84,-157
34.85,-149
34.86,-141
34.87,-124
34.88,-106
34.89,-98
34.9,-96
34.91,-91
34.92,-70
34.93,-58
34.94,-54
34.95,-44
34.96,-26
34.97,-25
34.98,-26
34.99,-23
35,-25
35.01,-26
35.02,-24
35.03,-16
35.04,-1
35.05,7
35.06,8
35.07,3
35.08,4
35.09,16
35.1,16
35.11,16
35.12,19
35.13,17
35.14,18
35.15,19
35.16,20
35.17,22
35.18,21
35.19,15
35.2,20
35.21,27
35.22,16
35.23,16
35.24,9
35.25,13
35.26,-1
35.27,15
35.28,12
35.29,13
35.3,17
35.31,23
35.32,23
35.33,22
35.34,21
35.35,20
35.36,25
35.37,27
35.38,25
35.39,24
35.4,21
35.41,24
35.42,14
35.43,14
35.44,17
35.45,13
35.46,18
35.47,20
35.48,20
35.49,10
35.5,10
35.51,14
35.52,7
35.53,7
35.54,-2
35.55,6
35.56,31
35.57,53
35.58,70
35.59,74
35.6,201
35.61,492
35.62,396
35.63,405
35.64,422
35.65,459
35.66,478
35.67,511
35.68,530
35.69,565
35.7,586
35.71,615
35.72,629
35.73,645
35.74,654
35.75,675
35.76,699
35.77,674
35.78,656
35.79,649
35.8,643
35.81,654
35.82,655
35.83,629
35.84,616
35.85,621
35.86,594
35.87,605
35.88,587
35.89,576
35.9,579
35.91,585
35.92,556
35.93,551
35.94,530
35.95,520
35.96,499
35.97,482
35.98,456
35.99,451
36,438
